{
    "id": "Custom_Bar_D3JS",
    "version": "1.0.0",
    "name": "D3_BarChart",
    "description": "D3 Barcharts.",
    "newInstancePrefix": "D3_BarChart",
    "icon": "https://sanath710.github.io/sac_custom_widget/D3%20JS/bar-chart.png",
    "vendor": "Sanath Ezhuthachan",
    "eula": "",
    "license": "",
    "supportsMobile": true,
    "webcomponents": [
        {
            "kind": "main",
            "tag": "cw-d3-barchart",
            "url": "https://sanath710.github.io/sac_custom_widget/D3%20JS/d3Main.js",
            "integrity": "",
            "ignoreIntegrity": true
        }
    ],
    "properties": {
        
    },
    "dataBindings":{
        "myDataBinding":{
            "feeds":[
                {
                    "id":"dimensions",
                    "description":"Dimensions",
                    "type":"dimension"
                },
                {
                    "id": "measures",
                    "description": "Measures",
                    "type": "mainStructureMember"
                  }
            ]
        }
    },
    "methods": {
       
    },
    "events":{

    }
}