{
    "id": "Custom_Weather_Widget",
    "version": "1.0.0",
    "name": "WeatherWidget",
    "description": "Weather Widget",
    "newInstancePrefix": "WeatherWidget",
    "icon": "https://sanath710.github.io/sac_custom_widget/WeatherWidget/cloudy.png",
    "vendor": "Sanath Ezhuthachan",
    "eula": "",
    "license": "",
    "supportsMobile": true,
    "webcomponents": [
        {
            "kind": "main",
            "tag": "cw-weather-widget",
            "url": "http://127.0.0.1:5500/WeatherWidget/weatherMain.js",
            "integrity": "",
            "ignoreIntegrity": true
        }
    ],
    "properties": {
        
    },
    "dataBindings":{
        "myDataBinding":{
            "feeds":[
                {
                    "id":"dimensions",
                    "description":"Dimensions",
                    "type":"dimension"
                },
                {
                    "id": "measures",
                    "description": "Measures",
                    "type": "mainStructureMember"
                  }
            ]
        }
    },
    "methods": {
        "getLatitudeLongitude": {
            "parameters": [
                {
                    "name": "City",
                    "description":"City Name",
                    "type": "any"
                }
            ]
        }
    },
    "events":{

    }
}