
    {
        "2021": [
            {
                "City": "Chicago",
                "Income": 104544
            },
            {
                "City": "Dallas",
                "Income": 157424
            },
            {
                "City": "Denver",
                "Income": 238592
            },
            {
                "City": "Los Angeles",
                "Income": 71716
            },
            {
                "City": "Miami",
                "Income": 22695
            },
            {
                "City": "New York",
                "Income": 70548
            },
            {
                "City": "San Francisco",
                "Income": 133992
            },
            {
                "City": "Seattle",
                "Income": 472615
            }
        ],
        "2022": [
            {
                "City": "Chicago",
                "Income": 192956
            },
            {
                "City": "Dallas",
                "Income": 233044
            },
            {
                "City": "Denver",
                "Income": 272104
            },
            {
                "City": "Los Angeles",
                "Income": 204332
            },
            {
                "City": "Miami",
                "Income": 33150
            },
            {
                "City": "New York",
                "Income": 589056
            },
            {
                "City": "San Francisco",
                "Income": 430444
            },
            {
                "City": "Seattle",
                "Income": 170972
            }
        ],
        "2023": [
            {
                "City": "Chicago",
                "Income": 56604
            },
            {
                "City": "Dallas",
                "Income": 210648
            },
            {
                "City": "Denver",
                "Income": 606952
            },
            {
                "City": "Los Angeles",
                "Income": 791244
            },
            {
                "City": "Miami",
                "Income": 30600
            },
            {
                "City": "New York",
                "Income": 514380
            },
            {
                "City": "San Francisco",
                "Income": 693092
            },
            {
                "City": "Seattle",
                "Income": 408872
            }
        ],
        "2024": [
            {
                "City": "Chicago",
                "Income": 26520
            },
            {
                "City": "Dallas",
                "Income": 266036
            },
            {
                "City": "Denver",
                "Income": 627068
            },
            {
                "City": "Los Angeles",
                "Income": 541004
            },
            {
                "City": "Miami",
                "Income": 30600
            },
            {
                "City": "New York",
                "Income": 540676
            },
            {
                "City": "San Francisco",
                "Income": 1028320
            },
            {
                "City": "Seattle",
                "Income": 464656
            }
        ],
        "2025": [
            {
                "City": "Chicago",
                "Income": 87840
            },
            {
                "City": "Dallas",
                "Income": 302844
            },
            {
                "City": "Denver",
                "Income": 1076032
            },
            {
                "City": "Los Angeles",
                "Income": 611008
            },
            {
                "City": "Miami",
                "Income": 30600
            },
            {
                "City": "New York",
                "Income": 535912
            },
            {
                "City": "San Francisco",
                "Income": 772796
            },
            {
                "City": "Seattle",
                "Income": 438132
            }
        ]
    }
