{
    "id": "CustomInpPassword",
    "version": "1.0.0",
    "name": "Input Type - Password",
    "description": "Input Password",
    "newInstancePrefix": "passwordInput",
    "icon": "",
    "vendor": "Sanath Ezhuthachan",
    "eula": "",
    "license": "",
    "imports": [ "input-controls" ],
    "webcomponents": [
      {
        "kind": "main",
        "tag": "inp-pass",
        "url": "http://127.0.0.1:5500/SAP_UI5/inputPassword.js",
        "integrity": "",
        "ignoreIntegrity": true
      }
    ],
    "properties": {
      "metadata": {
        "type": "string",
        "description": "For internal use",
        "default": ""
      },
      "password": {
        "type": "string",
        "description": "password",
        "default": ""
      }
    },
    "methods": {
      "getPassword": {
        "returnType": "string",
        "description": "Get password",
        "parameters": [],
        "body": "return this.password;"
      },
      "setPassword": {
        "description": "Set password",
        "parameters": [
          {
            "name": "value",
            "type": "string",
            "description": "The new password"
          }
        ],
        "body": "this.password = value;"
      }
    },
    "events": {
        "onStart": {
        "description": "onStart events trigger"
      }
    }
  }