{
    "eula": "",
    "vendor": "Sanath Ezhuthachan",
    "license": "",
    "id": "CW_OpenTabs",
    "icon": "",
    "version": "1.0.0",
    "name": "CW Open Tabs",
    "newInstancePrefix": "CW_OpenTabs",
    "description": "CW - Open Tabs",
    "webcomponents": [
        {
            "kind": "main",
            "tag": "cw-open-tabs",
            "url": "http://127.0.0.1:5500/CW_OpenTabs/CW_openTabs.js",
            "integrity": "",
            "ignoreIntegrity": true
        }
    ],
    "properties": {
    },
    "methods": {
        "openLink":{
            "parameters": [
                {
                    "name": "url_link_of_website",
                    "description":"URL Link",
                    "type": "any"
                }
            ]
        }
    },
    "events": {}
}