[{
    "Chicago_#_Shops": {
      "2021": {
        "Income": "-",
        "Target Income": 69000
      },
      "2022": {
        "Income": 119364,
        "Target Income": 88800
      },
      "2023": {
        "Income": 7248,
        "Target Income": 11250
      },
      "2024": {
        "Income": 17128,
        "Target Income": 34400
      },
      "2025": {
        "Income": 20908,
        "Target Income": 11640
      }
    },
    "Chicago_#_Website": {
      "2021": {
        "Income": 76028,
        "Target Income": 102000
      },
      "2022": {
        "Income": 73592,
        "Target Income": 130200
      },
      "2023": {
        "Income": 49356,
        "Target Income": 46250
      },
      "2024": {
        "Income": 9392,
        "Target Income": 17200
      },
      "2025": {
        "Income": 66932,
        "Target Income": 79540
      }
    },
    "Dallas_#_Shops": {
      "2021": {
        "Income": 150144,
        "Target Income": 180200
      },
      "2022": {
        "Income": 159364,
        "Target Income": 502200
      },
      "2023": {
        "Income": 145632,
        "Target Income": 172000
      },
      "2024": {
        "Income": 178248,
        "Target Income": 205600
      },
      "2025": {
        "Income": 80796,
        "Target Income": 75660
      }
    },
    "Dallas_#_Website": {
      "2021": {
        "Income": 7280,
        "Target Income": 15400
      },
      "2022": {
        "Income": 73680,
        "Target Income": 390600
      },
      "2023": {
        "Income": 65016,
        "Target Income": 92000
      },
      "2024": {
        "Income": 87788,
        "Target Income": 102800
      },
      "2025": {
        "Income": 222048,
        "Target Income": 226980
      }
    },
    "Denver_#_Shops": {
      "2021": {
        "Income": 164840,
        "Target Income": 209800
      },
      "2022": {
        "Income": 119160,
        "Target Income": 52900
      },
      "2023": {
        "Income": 469816,
        "Target Income": 354000
      },
      "2024": {
        "Income": 437172,
        "Target Income": 445600
      },
      "2025": {
        "Income": 307056,
        "Target Income": 184300
      }
    }
}]