{
    "id": "Custom_XY",
    "version": "1.0.0",
    "name": "XYChart",
    "description": "XY Amcharts-5.",
    "newInstancePrefix": "XY",
    "icon": "https://sanath710.github.io/sac_custom_widget/Amcharts5/bar-graph.png",
    "vendor": "Sanath Ezhuthachan",
    "eula": "",
    "license": "",
    "supportsMobile": true,
    "webcomponents": [
        {
            "kind": "main",
            "tag": "cw-xy-chart",
            "url": "https://sanath710.github.io/sac_custom_widget/Amcharts5/chartsMain.js",
            "integrity": "",
            "ignoreIntegrity": true
        }
    ],
    "properties": {
        
    },
    "dataBindings":{
        "myDataBinding":{
            "feeds":[
                {
                    "id":"dimensions",
                    "description":"Dimensions",
                    "type":"dimension"
                },
                {
                    "id": "measures",
                    "description": "Measures",
                    "type": "mainStructureMember"
                  }
            ]
        }
    },
    "methods": {
       
    },
    "events":{

    }
}